tx	gene_id	RAP1_IAA_30M_REP1	RAP1_UNINDUCED_REP1	RAP1_UNINDUCED_REP2	WT_REP1	WT_REP2
YAL069W	YAL069W	0	560.514657	289.8025	0	0
YAL068W-A	YAL068W-A	449.892845	0	877.048803	0	0
YAL068C	YAL068C	462.984612	972.074927	2512.956083	367.622102	232.085372
YAL067W-A	YAL067W-A	0	0	0	0	0
YAL067C	YAL067C	28.484013	71.700256	49.428177	15.142313	0
YAL066W	YAL066W	0	0	0	0	0
YAL065C	YAL065C	0	0	0	0	0
YAL064W-B	YAL064W-B	213.171429	0	144.511376	112.900996	0
YAL064C-A	YAL064C-A	0	0	0	0	0
YAL064W	YAL064W	0	0	972.149858	0	0
YAL063C-A	YAL063C-A	0	838.963208	433.768558	0	0
YAL063C	YAL063C	56.123807	95.992171	67.393356	27.427822	13.592842
YAL062W	YAL062W	190.635709	586.360099	572.645662	263.456014	154.466409
YAL061W	YAL061W	1270.300828	547.035817	1546.156708	202.549835	214.414937
YAL060W	YAL060W	2297.09187	2158.611043	2400.592967	1071.337573	1329.220033
YAL059C-A	YAL059C-A	0	0	0	0	0
YAL059W	YAL059W	1661.00917	2164.893063	2043.963125	1712.535061	1976.109972
YAL058W	YAL058W	788.58772	785.228853	736.789993	710.790147	902.966979
YAL056C-A	YAL056C-A	0	0	0	0	0
YAL056W	YAL056W	1132.870679	749.741576	1052.161265	701.071157	715.088791
YAL055W	YAL055W	736.089463	124.965633	323.054467	65.114897	247.791527
YAL054C	YAL054C	69.861418	96.762501	70.040667	61.902729	23.593759
YAL053W	YAL053W	2441.466626	2247.062812	2359.619338	1488.271465	1386.144398
YAL051W	YAL051W	586.882886	759.12088	778.434008	665.159424	610.362848
YAL049C	YAL049C	2087.99847	2759.169922	2506.13945	1407.77167	975.029343
YAL048C	YAL048C	454.403274	442.158448	500.762291	348.942333	255.759232
YAL047W-A	YAL047W-A	0	0	0	0	0
YAL047C	YAL047C	540.528722	520.162694	467.720613	272.987375	383.320667
YAL046C	YAL046C	476.725719	1026.577587	1238.464941	1008.78115	1432.973351
YAL045C	YAL045C	0	0	317.674163	0	0
YAL044W-A	YAL044W-A	1348.336744	1322.829893	3191.728449	995.877739	808.408185
YAL044C	YAL044C	4398.716358	7935.555254	8853.657735	3324.178201	3362.462037
YAL043C	YAL043C	1322.334752	1163.757278	1212.373763	859.270022	935.742602
YAL042C-A	YAL042C-A	0	0	0	0	0
YAL042W	YAL042W	6003.608788	5356.492863	5519.958557	3801.938917	4398.361385
YAL041W	YAL041W	1169.748036	1028.065002	1144.854795	907.406637	971.521941
YAL040C	YAL040C	992.450132	1079.07364	1166.544707	775.865401	1064.52806
YAL039C	YAL039C	644.994787	1111.52468	1318.408363	456.884122	362.621897
YAL038W	YAL038W	196139.310041	186084.499619	203239.985943	187979.471963	220546.558966
YAL037C-B	YAL037C-B	56.997835	0	78.335139	0	0
YAL037C-A	YAL037C-A	0	0	0	0	0
YAL037W	YAL037W	289.372323	330.459663	341.714655	153.731825	73.208315
YAL036C	YAL036C	2392.27965	2469.379049	3235.878851	2127.615402	2323.548866
YAL035W	YAL035W	6600.784537	6370.122005	5976.402259	6494.573228	6360.858986
YAL034C-B	YAL034C-B	0	0	0	0	0
YAL034W-A	YAL034W-A	524.267285	118.11268	763.346448	174.093732	398.009288
YAL034C	YAL034C	685.069489	590.563398	839.681092	250.327416	260.172323
YAL033W	YAL033W	1688.980254	1615.364576	1670.381625	1240.943363	917.879173
YAL032C	YAL032C	662.394205	575.965202	787.018765	452.620129	622.85115
YAL031W-A	YAL031W-A	0	0	0	0	0
YAL031C	YAL031C	825.893669	720.411815	670.453226	404.428716	330.314454
YAL030W	YAL030W	3387.836414	4576.795761	7281.038456	1918.824605	1938.352207
YAL029C	YAL029C	1904.110119	1555.651147	1631.355266	1386.431297	1524.031182
YAL028W	YAL028W	291.60572	219.087094	269.02681	68.893773	131.282793
YAL027W	YAL027W	744.520727	683.114377	706.380294	197.763318	150.678782
YAL026C-A	YAL026C-A	2037.07572	2142.362944	1914.324625	1313.327343	916.310946
YAL026C	YAL026C	1425.910813	1591.953496	1561.827715	1117.910607	1476.563048
HRA1	HRA1	0	0	0	0	0
YAL025C	YAL025C	1160.708373	1582.463474	1579.933752	1590.53923	1298.704192
YAL024C	YAL024C	543.953644	469.190828	461.845289	401.39769	517.512227
YAL023C	YAL023C	6573.0084	5825.922437	6145.578125	4975.754056	5380.746785
YAL022C	YAL022C	1393.247061	1010.841642	1248.516333	952.213235	907.255381
YAL021C	YAL021C	2057.288219	1649.612592	1697.434334	1395.910184	1548.519196
YAL020C	YAL020C	661.80856	389.52054	453.135446	351.686811	111.67579
YAL019W-A	YAL019W-A	0	0	0	0	0
YAL019W	YAL019W	1438.066632	1291.880889	1432.160216	1408.156847	1197.57533
YAL018C	YAL018C	0	0	0	0	0
YAL017W	YAL017W	1177.532698	1082.828353	1035.482145	632.397672	716.002899
YAL016C-B	YAL016C-B	0	0	0	0	0
YAL016C-A	YAL016C-A	0	0	0	0	0
YAL016W	YAL016W	3910.215842	3533.407047	3710.839771	2724.863371	2783.70712
YAL015C	YAL015C	534.729776	462.504388	557.966077	189.466858	270.759053
YAL014C	YAL014C	1227.019998	1413.703885	1534.945286	1140.708019	1319.177276
YAL013W	YAL013W	350.370406	680.856149	684.488343	488.823038	443.530321
YAL012W	YAL012W	11123.775473	9046.0417	10832.171837	9228.56868	10532.156432
YAL011W	YAL011W	268.841215	539.777846	418.621441	271.550449	463.01125
YAL010C	YAL010C	384.905298	356.638934	553.178333	557.998014	354.430302
YAL009W	YAL009W	1052.561901	1036.271621	678.658199	359.464861	380.388606
YAL008W	YAL008W	1501.768501	1793.815037	1309.348135	569.64535	325.253309
YAL007C	YAL007C	4410.131171	5151.849519	6278.620399	3055.30518	4266.351851
tP(UGG)A	tP(UGG)A	0	0	0	3081.526124	0
YAL005C	YAL005C	157335.812429	132742.75288	144288.208604	110622.932911	109597.41908
YAL004W	YAL004W	95.872417	0	0	0	96.962542
YAL003W	YAL003W	64204.614209	79842.26082	86337.569055	59944.311446	72306.386456
snR18	snR18	10467.453052	82673.196067	21372.232252	14978.45886	28657.019728
YAL002W	YAL002W	452.434155	337.983973	434.221349	421.002206	318.402087
YAL001C	YAL001C	762.548267	804.101472	673.388201	442.32216	421.499025
YAR002W	YAR002W	1804.838271	1603.573602	1672.007308	1026.74914	1250.919435
YAR002C-A	YAR002C-A	5985.959044	6876.462561	7203.011519	4222.85354	6054.944829
YAR003W	YAR003W	1115.515376	603.737945	642.662188	483.108843	585.79993
YAR007C	YAR007C	1516.155745	1518.069521	1476.055055	1367.348681	1234.278793
YAR008W	YAR008W	557.67245	886.866833	589.54646	148.14017	352.73578
YAR009C	YAR009C	218147.869082	185145.954639	185434.192254	254277.821372	229300.013368
YAR010C	YAR010C	226450.135511	206210.648526	207623.403914	282539.559929	245114.455728
tA(UGC)A	tA(UGC)A	0	0	0	0	0
YAR014C	YAR014C	1265.200001	1188.037639	1691.70565	834.570412	1186.902573
YAR015W	YAR015W	3237.765463	3437.765478	4231.965407	2953.85857	2411.879214
YAR018C	YAR018C	806.722747	484.507589	501.009237	535.982944	571.927712
YAR019C	YAR019C	350.100787	479.073856	509.544451	221.604706	304.081678
YAR019W-A	YAR019W-A	0	0	0	0	0
YAR020C	YAR020C	0	0	0	0	0
YAR023C	YAR023C	123.661933	126.258381	326.39641	131.267408	0
tL(CAA)A	tL(CAA)A	0	0	0	0	0
tS(AGA)A	tS(AGA)A	4800.259779	0	0	0	0
YAR027W	YAR027W	2130.554207	2638.193687	3058.719205	1176.953918	1638.061039
YAR028W	YAR028W	1542.578017	1046.140873	2329.968226	728.326754	953.646603
YAR029W	YAR029W	582.966389	2875.469494	5946.807893	0	0
YAR030C	YAR030C	513.953507	0	411.495788	135.78121	0
YAR031W	YAR031W	1072.758398	735.694126	1228.905194	368.817562	511.028682
YAR033W	YAR033W	85.698779	965.668498	832.131509	227.602111	260.085437
YAR035W	YAR035W	48.491162	80.738546	41.744194	154.679044	49.128609
YAR035C-A	YAR035C-A	0	0	0	0	0
YAR042W	YAR042W	1406.266478	1159.049651	1130.038097	913.109698	1014.004628
YAR047C	YAR047C	0	0	532.01332	151.855135	0
YAR050W	YAR050W	45.052017	69.219492	59.693145	69.993912	72.186933
YAR053W	YAR053W	0	0	0	0	0
YAR060C	YAR060C	265.263719	0	880.254477	0	265.37006
YAR061W	YAR061W	0	0	0	0	0
YAR062W	YAR062W	107.269179	0	109.112345	56.964535	0
YAR064W	YAR064W	0	0	0	0	0
YAR066W	YAR066W	310.942994	606.877301	418.364459	275.227774	1152.581161
YAR068W	YAR068W	1155.973608	1396.33209	1764.753466	306.677566	437.293007
YAR069C	YAR069C	0	0	0	0	337.041519
YAR070C	YAR070C	0	0	0	0	0
Gfp_transgene_gene	Gfp_transgene_gene	0	0	0	0	0
